id_cliente,monto,fecha
12,4618.8,2023-03-22
6,-229.41,2022-06-03
12,2715.38,2023-12-17
5,3654.78,2022-10-11
3,2137.92,2023-07-15
6,,2023-12-17
11,717.09,2022-03-15
14,2088.06,2022-04-21
9,-190.12,2022-11-14
2,4346.15,2023-01-26
11,-391.75,2022-11-03
10,1004.32,2023-09-30
12,3711.03,2023-05-21
5,552.68,2023-07-13
12,2705.04,2023-10-28
3,2537.98,2022-01-10
14,-153.56,2023-02-17
10,1451.87,2023-02-24
7,4123.28,2022-08-09
13,2187.73,2022-02-28
4,2010.12,2023-09-30
7,2894.23,2022-06-15
14,1012.65,2023-12-02
10,1103.97,2022-06-19
15,4798.92,2022-05-06
3,2597.27,2023-05-30
5,2882.74,2022-07-03
1,2066.72,2023-04-16
12,1628.22,2023-07-03
11,665.16,2022-09-20
12,3150.92,2022-02-03
6,1093.82,2023-04-09
4,3639.09,2022-11-30
13,659.39,2022-09-05
15,4184.8,2023-01-20
1,2698.9,2023-07-17
15,1806.2,2023-12-11
13,3884.6,2022-09-13
12,1303.55,2023-09-14
4,,2022-07-20
4,638.16,2023-07-17
2,4614.05,2023-01-07
3,2559.61,2023-08-10
10,664.95,2022-08-27
1,,2023-10-31
4,4373.14,2022-03-25
14,1528.43,2023-11-17
4,4851.22,2023-12-02
2,3739.34,2023-09-24
11,1904.75,2022-09-19
6,,2023-09-25
11,2643.31,2022-06-09
11,1844.98,2022-04-20
1,2419.94,2022-02-17
6,1143.04,2022-05-10
1,3396.5,2023-10-21
10,3363.95,2023-08-03
2,1003.38,2022-09-15
1,681.26,2022-08-12
4,568.67,2023-04-03
5,-63.9,2023-01-12
8,2764.31,2023-03-21
6,-42.71,2022-11-13
11,2321.39,2022-05-18
14,209.75,2023-11-22
9,3303.18,2023-10-10
11,,2022-12-16
9,66.42,2023-02-25
1,268.17,2022-01-31
6,1496.34,2022-06-30
1,428.17,2023-10-27
6,2856.77,2023-03-06
8,4146.9,2023-04-26
14,3396.44,2023-03-05
4,1155.15,2022-02-12
15,4279.32,2023-12-12
10,4579.71,2023-03-05
14,702.07,2023-07-18
15,2400.22,2023-12-15
9,4213.25,2022-12-02
8,3349.9,2023-08-13
8,2205.08,2022-10-27
15,2855.82,2022-06-12
13,627.57,2022-04-05
3,3742.92,2022-06-15
8,138.41,2023-12-27
5,2173.11,2022-12-20
9,401.86,2023-03-15
2,1489.28,2022-10-12
13,3307.66,2023-02-17
13,3595.51,2023-08-18
6,1469.69,2023-05-06
8,3989.08,2022-03-17
13,4507.49,2022-01-31
14,3069.74,2023-07-05
7,858.71,2022-02-22
1,-272.95,2023-12-22
3,3966.87,2023-03-14
4,4561.27,2022-02-01
15,3982.29,2023-03-08
11,1957.02,2022-02-17
14,3425.32,2023-10-09
3,4719.61,2023-05-14
5,1137.91,2023-06-21
14,1748.44,2023-05-20
8,,2022-09-18
6,4835.75,2022-10-10
2,1489.34,2023-06-04
13,1842.74,2023-12-29
12,1977.98,2023-04-05
5,3989.89,2023-04-01
1,1731.97,2022-04-26
9,1147.61,2022-07-17
11,65.81,2022-05-08
10,2813.83,2023-07-23
12,2384.47,2022-04-01
4,2824.38,2023-01-06
2,4403.09,2022-05-14
9,4897.67,2023-10-04
12,370.07,2022-08-11
11,2817.32,2022-01-26
5,,2023-12-08
7,1800.38,2023-04-05
2,3835.85,2023-01-23
5,2651.94,2023-05-17
15,112.95,2022-08-06
6,4617.36,2023-09-16
15,1960.55,2023-12-07
7,4716.76,2023-08-30
2,771.58,2023-08-21
6,4713.53,2022-04-16
13,1430.92,2022-07-23
8,2676.69,2022-03-01
13,2754.19,2023-11-03
11,255.67,2022-12-13
9,367.11,2023-04-27
13,709.95,2023-01-22
12,,2023-08-06
13,2819.98,2022-03-07
1,2170.24,2023-02-07
8,,2023-10-29
6,4759.57,2022-02-28
4,4832.03,2022-10-03
8,2558.53,2022-03-25
14,,2023-06-07
15,,2022-10-15
8,3185.54,2023-07-03
14,1980.76,2022-08-22
9,3356.05,2023-04-24
1,462.57,2023-04-27
8,,2023-01-26
6,76.05,2023-11-30
6,2302.52,2023-06-15
13,913.13,2022-05-09
15,1705.78,2023-01-02
1,4892.73,2022-06-14
7,1442.07,2022-05-09
10,2678.94,2023-11-07
3,799.95,2023-02-28
5,3587.08,2022-09-05
6,417.7,2022-09-16
7,,2022-07-17
15,1879.63,2022-11-26
15,1890.45,2022-03-09
6,1962.49,2022-11-09
9,2541.43,2023-09-20
3,3280.16,2023-02-11
14,619.26,2023-06-24
9,1877.04,2023-03-20
15,3788.56,2023-05-27
15,4052.82,2023-08-19
14,1023.69,2022-12-12
4,3280.31,2023-04-23
13,2014.32,2022-09-13
15,4833.49,2022-04-06
9,2769.92,2023-05-16
9,3676.53,2023-02-17
6,3579.28,2022-09-14
4,2016.84,2022-03-07
8,4037.12,2023-09-16
12,4490.98,2023-10-07
14,,2023-11-01
11,-195.01,2023-02-12
8,3613.61,2023-05-22
13,2273.83,2023-12-19
5,3409.65,2022-05-13
13,2199.61,2023-02-14
6,712.44,2023-07-03
13,2500.64,2022-08-19
13,4759.5,2022-12-22
8,2404.91,2023-03-19
6,725.08,2022-04-26
3,4538.34,2023-09-11
3,570.73,2022-09-23
11,-337.27,2023-01-18
3,655.9,2022-02-01
15,3608.61,2023-09-08
10,300.38,2022-03-23
15,4465.22,2022-05-15
14,-363.47,2022-01-23
2,1615.75,2023-06-30
4,881.49,2023-06-26
1,2368.13,2023-06-21
1,4324.05,2023-03-10
1,1825.67,2022-07-17
2,2749.9,2023-06-02
2,4686.4,2023-05-07
3,3517.37,2022-12-25
12,803.0,2022-04-06
11,3584.33,2022-11-08
4,1381.03,2023-06-07
4,1059.65,2023-07-26
3,2711.63,2023-04-26
15,1815.07,2023-07-15
14,4273.93,2023-12-23
6,4521.66,2022-11-28
2,699.45,2023-01-31
6,4363.87,2022-03-12
10,222.59,2022-07-11
14,2784.19,2023-07-27
8,537.21,2022-12-29
4,,2022-01-21
7,2058.65,2022-07-23
10,3409.75,2022-10-08
9,1674.34,2022-01-21
13,4385.34,2022-01-17
12,4362.46,2023-08-18
3,,2022-04-30
11,1926.26,2023-06-05
13,3536.44,2022-06-04
5,2009.87,2023-06-17
5,-251.11,2023-11-04
7,213.19,2023-10-15
11,3417.86,2023-07-19
2,-144.97,2022-10-17
15,3001.88,2023-11-24
10,104.68,2023-02-25
9,4264.01,2022-11-25
5,2569.36,2022-01-08
3,1455.4,2023-02-05
14,4700.0,2023-10-20
10,,2022-09-10
2,3124.87,2022-01-19
14,2751.91,2023-10-10
13,4754.3,2022-07-15
15,4241.79,2023-10-09
14,2452.44,2022-03-29
6,4826.27,2023-11-02
14,56.36,2022-03-26
9,4039.6,2023-10-11
13,2361.85,2022-07-29
1,573.79,2022-10-27
14,324.45,2022-12-05
3,595.67,2023-07-26
9,3763.07,2022-03-03
3,915.66,2023-10-01
1,205.99,2022-05-28
3,3761.77,2022-02-08
11,4781.1,2022-01-25
5,1525.33,2023-09-04
10,435.83,2023-01-21
2,4287.42,2023-05-10
8,,2023-04-18
4,2520.23,2023-04-03
12,3619.66,2022-04-16
8,1319.9,2023-06-03
4,2137.27,2023-11-20
9,512.84,2022-09-20
14,491.66,2023-05-12
7,4238.22,2023-02-04
5,3219.61,2022-06-18
11,4386.68,2023-12-29
9,,2023-11-13
9,1215.37,2023-08-09
11,1501.78,2022-02-02
8,560.57,2022-02-19
12,1835.12,2023-01-24
12,1504.61,2023-12-31
11,1253.36,2023-01-22
3,2375.92,2022-12-05
14,983.89,2023-04-27
10,88.7,2023-09-14
7,1144.99,2022-07-11
5,2856.47,2023-09-16
12,4431.7,2022-10-22
15,3136.86,2022-09-27
5,1068.43,2022-12-08
14,4321.63,2022-06-15
8,1746.75,2023-10-25
2,-196.18,2022-06-27
6,539.19,2023-08-11
12,2231.67,2022-11-10
11,4489.99,2023-06-08
3,954.72,2022-08-25
5,2282.27,2023-09-20
10,2388.49,2022-10-08
15,1100.49,2022-10-02
3,1575.38,2023-07-07
15,2936.67,2023-11-29
9,4713.7,2022-08-02
1,4584.58,2023-04-26
2,4336.06,2023-09-17
13,2036.03,2023-11-29
1,830.27,2023-02-12
2,2159.98,2023-01-13
15,-182.63,2023-09-12
12,3736.92,2022-06-02
10,-371.38,2022-10-03
6,150.79,2023-09-27
2,2343.37,2022-06-28
7,2883.4,2023-09-13
5,4057.48,2023-03-23
11,4052.18,2023-02-10
15,3125.87,2022-10-02
15,1031.02,2023-08-16
6,1710.46,2023-04-13
2,2362.77,2023-05-13
9,726.31,2022-09-28
15,920.66,2023-11-04
11,2769.49,2023-01-22
7,1293.87,2023-05-15
11,4741.4,2023-03-25
14,4376.64,2023-01-16
7,2211.34,2022-08-05
13,,2023-05-23
6,2760.94,2022-09-19
6,421.97,2023-05-24
15,2435.38,2023-06-07
4,,2022-10-27
13,2186.62,2022-07-20
1,4674.57,2022-02-17
9,4537.6,2023-12-23
1,4409.62,2023-10-04
15,1143.89,2022-12-22
2,-157.5,2023-11-23
5,1258.3,2023-01-22
14,2318.36,2022-03-15
3,480.33,2023-10-16
15,3598.33,2023-04-14
11,,2023-12-13
12,2998.83,2022-06-26
5,4762.51,2022-05-07
4,-479.0,2022-03-02
10,2417.44,2023-10-12
4,3151.64,2023-09-09
6,2458.54,2024-01-01
12,2660.45,2022-01-07
2,812.94,2023-07-06
13,1230.46,2023-02-25
13,3442.45,2023-12-04
4,347.66,2023-06-09
7,2545.16,2023-12-06
9,2285.29,2022-06-13
13,2640.37,2022-02-16
13,2016.46,2022-08-25
14,3210.86,2023-11-24
7,-281.48,2023-03-10
9,3216.63,2022-01-19
13,4369.2,2022-10-30
13,2828.4,2023-05-13
6,4609.7,2022-05-19
14,2580.93,2022-06-09
2,2317.27,2022-11-09
10,1176.42,2023-08-11
10,1382.22,2022-05-08
13,836.84,2022-06-19
10,3282.36,2023-01-08
11,4162.01,2023-04-22
2,3227.82,2022-05-31
14,,2023-12-20
15,2140.73,2023-12-07
1,3326.86,2022-05-07
2,488.73,2022-01-14
6,4776.76,2022-01-11
7,164.83,2022-08-15
14,3781.94,2022-08-28
2,4125.46,2023-09-25
15,2569.32,2023-07-26
1,3422.25,2022-04-19
13,3813.41,2023-06-29
14,4020.78,2022-08-22
11,446.3,2022-05-15
9,1821.48,2023-02-01
7,3615.27,2022-09-23
11,200.7,2022-02-28
8,2303.23,2022-09-19
6,4611.66,2022-04-22
10,214.77,2023-10-06
15,2335.08,2023-02-08
14,1469.85,2023-06-15
13,2810.22,2023-08-12
13,1284.42,2022-12-21
8,4843.2,2023-02-17
6,4546.04,2022-04-09
1,3082.74,2023-06-14
13,3654.42,2023-08-06
15,3681.66,2023-08-01
8,,2022-12-28
13,,2022-01-12
2,-438.05,2023-09-23
8,2210.3,2022-05-04
12,,2022-02-25
8,4042.11,2022-06-05
7,1544.8,2023-01-05
10,901.78,2023-12-02
11,2943.71,2022-07-06
6,1457.54,2023-08-02
7,2060.31,2023-07-11
6,223.53,2023-11-08
9,2165.07,2022-02-15
12,3303.45,2023-07-30
15,1190.14,2022-11-08
4,3525.08,2022-06-29
13,1415.22,2023-11-25
12,3661.66,2022-03-25
1,932.71,2023-07-06
10,2217.24,2023-11-02
1,1148.96,2023-09-30
7,3752.48,2022-01-03
6,4239.3,2022-11-10
11,4772.64,2023-07-22
11,804.19,2022-03-25
14,3181.58,2022-03-10
14,1696.14,2023-11-11
10,502.87,2022-11-16
15,4186.18,2022-07-30
1,340.15,2022-12-30
1,1560.64,2022-03-26
10,4825.87,2023-03-10
10,63.23,2022-09-24
2,1377.69,2022-06-03
13,440.45,2022-06-01
14,907.98,2023-01-14
14,,2023-12-18
7,4974.85,2022-12-20
15,3740.19,2023-12-11
2,,2022-11-16
6,1697.28,2022-03-18
7,1172.92,2023-11-13
6,3542.19,2023-02-26
6,4793.76,2022-11-13
12,3188.22,2022-09-03
8,3401.74,2023-05-27
13,3127.42,2022-10-03
12,2948.61,2023-08-24
6,1987.22,2023-04-10
11,4248.7,2022-04-12
5,2676.6,2023-07-02
3,1896.95,2022-09-07
15,878.07,2022-06-13
9,472.83,2023-12-06
2,3785.22,2023-03-14
3,1661.29,2022-04-29
5,,2023-02-08
6,1163.05,2023-11-09
10,1757.19,2023-04-14
2,1238.87,2022-03-16
4,1999.79,2022-11-13
12,3247.84,2023-08-30
11,3424.0,2023-08-13
9,4998.61,2022-05-05
5,808.26,2022-02-03
7,3896.66,2022-01-24
11,1422.45,2022-08-23
7,3754.06,2022-12-31
3,3827.47,2023-09-11
8,104.16,2022-08-14
7,4555.43,2023-11-07
15,1636.69,2022-05-17
4,4915.87,2022-12-14
15,3911.2,2023-04-16
1,2682.88,2023-11-13
8,1628.76,2022-02-25
3,394.59,2022-02-23
2,2595.83,2023-02-16
9,2990.55,2022-09-21
12,2000.66,2023-02-24
5,101.91,2022-10-22
11,1155.06,2023-02-12
14,,2023-05-19
8,2572.65,2022-05-06
14,329.28,2023-08-16
14,94.32,2023-01-14
3,2412.32,2023-12-24
6,4828.28,2023-03-30
2,1844.67,2023-07-23
1,4934.78,2022-11-13
15,2016.67,2023-02-26
2,3784.7,2022-06-08
15,,2022-03-13
6,2366.46,2022-04-06
2,4358.98,2022-05-11
7,4042.8,2023-11-06
11,728.31,2022-12-28
6,1768.62,2023-09-08
3,3417.73,2023-07-26
1,,2023-06-17
2,2515.35,2023-04-21
10,4515.54,2023-09-07
2,-411.28,2023-12-24
5,2094.25,2022-06-06
14,4412.74,2022-10-18
11,1151.19,2023-07-12
7,3709.13,2022-03-27
5,2133.65,2022-04-04
14,2576.53,2023-05-15
13,771.44,2023-01-01
12,1029.24,2022-05-28
5,3319.2,2023-04-21
3,2941.41,2022-05-30
9,4967.44,2022-01-08
11,2827.05,2022-03-31
4,2668.37,2022-10-10
5,,2022-01-07
9,4298.9,2023-03-21
5,2630.46,2022-07-28
11,3759.32,2023-11-17
8,147.46,2022-02-06
3,1695.03,2022-02-15
10,1429.82,2022-02-13
3,2413.83,2023-11-07
10,1633.06,2023-07-14
11,3297.58,2023-08-29
5,885.66,2023-05-05
11,602.04,2023-08-04
5,4011.36,2022-06-01
3,2194.27,2022-09-07
14,2768.95,2022-11-04
8,4078.05,2022-07-02
8,,2023-11-04
12,1032.2,2023-01-26
10,4081.59,2022-03-29
14,3538.81,2022-03-02
7,1953.98,2022-01-09
11,1956.06,2022-09-10
4,4648.69,2022-01-09
4,1857.93,2023-10-09
7,262.0,2023-08-05
10,1313.01,2023-07-21
2,1105.95,2022-03-09
6,1029.47,2023-10-14
15,2231.15,2022-12-20
13,-391.53,2023-07-11
3,4492.71,2022-05-25
2,497.8,2022-01-23
7,-168.24,2022-02-18
13,4879.22,2023-02-02
11,1243.4,2023-07-15
11,907.34,2023-08-25
5,-167.55,2022-07-08
10,-277.61,2022-09-07
3,-284.37,2023-10-11
15,1400.15,2022-07-22
7,3379.97,2023-06-23
5,4503.74,2023-08-04
2,-39.82,2023-12-24
14,1473.4,2023-10-05
4,4417.45,2023-01-31
3,917.84,2023-08-21
9,2392.55,2023-06-25
6,1671.79,2023-08-10
5,4241.59,2022-09-10
11,3676.51,2023-08-12
12,1110.54,2022-07-11
14,707.2,2023-02-13
1,2534.86,2023-05-28
9,79.81,2023-12-08
1,2892.53,2023-11-07
11,3140.89,2022-11-18
2,3061.75,2022-08-31
2,,2023-06-23
14,3291.28,2023-12-28
9,4406.38,2023-09-13
8,2896.9,2022-10-29
11,1802.1,2023-07-20
1,671.09,2023-03-27
15,1481.1,2023-07-11
12,1657.25,2023-09-18
3,,2023-06-25
13,1550.44,2022-01-07
7,87.73,2023-11-02
11,1490.26,2023-03-12
6,355.62,2022-03-28
13,4051.56,2023-05-07
11,3438.62,2023-09-24
6,4703.26,2022-09-04
5,773.85,2023-04-20
11,1393.12,2022-02-15
6,,2022-04-14
12,437.23,2022-12-31
5,52.47,2023-06-21
1,-146.56,2023-08-16
14,2812.85,2022-02-15
6,1348.89,2022-06-20
10,4119.44,2022-07-26
7,3639.02,2023-12-20
8,3161.41,2022-10-23
9,4454.78,2022-01-05
3,4230.13,2022-10-02
11,4437.85,2023-10-19
4,3167.83,2023-02-01
6,3239.66,2022-05-07
11,2493.49,2023-01-27
4,4604.68,2023-07-31
9,2776.95,2022-06-20
11,770.09,2022-11-25
15,2949.22,2022-01-27
10,-249.87,2023-06-01
15,2681.04,2022-08-08
11,3198.99,2022-07-31
14,2062.76,2023-01-12
10,4822.63,2022-05-04
1,2471.26,2022-03-03
9,1674.25,2022-06-16
4,4008.23,2023-09-27
12,,2023-06-28
9,-321.8,2023-05-27
1,1520.5,2023-05-05
14,4068.02,2022-11-11
6,1896.57,2023-06-18
7,608.28,2022-02-12
10,2397.12,2023-11-20
10,4361.21,2023-10-18
1,2249.15,2023-04-14
12,126.08,2023-03-14
6,4218.96,2023-10-13
2,3806.64,2023-02-26
14,2468.73,2023-04-09
8,,2023-02-03
10,1100.38,2023-02-27
11,4194.64,2023-09-04
2,3708.4,2022-11-19
6,4545.59,2023-10-24
7,3570.76,2022-10-02
9,370.91,2022-04-10
7,1085.67,2023-09-13
9,,2022-04-18
2,709.06,2022-03-29
13,-223.85,2023-08-01
15,1236.43,2022-09-20
2,2448.12,2022-03-24
8,2923.73,2022-03-19
1,2817.23,2022-05-13
11,4176.1,2022-06-25
14,742.08,2022-06-03
7,558.96,2023-06-06
1,457.34,2022-01-31
3,3362.65,2023-08-27
5,,2022-12-24
14,1033.19,2022-12-09
6,1868.71,2022-05-25
13,-462.16,2022-06-17
14,4520.97,2022-10-17
2,3155.9,2023-05-18
8,2164.03,2023-09-08
7,558.22,2023-07-12
14,,2022-03-18
7,396.4,2022-12-08
4,2217.98,2023-03-21
9,-343.73,2023-11-26
6,1780.57,2022-06-05
1,,2022-11-24
6,3377.71,2023-01-12
14,3870.86,2022-06-25
5,1763.82,2023-09-11
2,3079.31,2022-03-18
3,4671.66,2023-01-02
13,2501.97,2022-10-04
3,56.86,2023-11-26
4,2467.25,2022-01-25
9,715.02,2022-04-29
3,2555.65,2022-12-02
3,4620.92,2023-10-05
6,-219.06,2023-05-09
10,1269.2,2022-10-03
2,4659.88,2023-09-30
13,4086.43,2022-10-24
1,4914.57,2022-03-28
9,3188.37,2022-09-03
6,2744.71,2022-12-08
8,3518.02,2023-05-29
9,4234.52,2023-02-28
1,2785.33,2023-01-26
15,1382.69,2023-06-18
10,985.34,2022-09-08
6,136.96,2023-06-12
5,3809.34,2022-09-05
3,4373.98,2022-08-10
7,3404.15,2022-07-06
6,1531.97,2022-02-25
2,4374.52,2022-03-31
13,3591.75,2023-10-10
14,321.7,2023-03-20
15,,2023-12-14
11,1455.43,2022-04-04
8,3228.4,2023-10-11
2,1767.26,2022-08-23
13,2894.57,2022-11-15
5,,2022-10-23
1,4406.35,2022-09-06
8,2158.7,2022-06-24
9,3966.57,2023-07-28
9,1986.21,2022-07-01
4,566.17,2023-11-09
2,4977.45,2022-07-18
7,4978.2,2022-05-08
7,4545.49,2022-10-09
6,68.46,2022-07-23
1,1411.86,2023-05-21
12,,2023-07-24
4,1856.61,2022-01-25
6,675.75,2023-05-24
2,2018.96,2023-04-11
2,3988.65,2022-11-01
3,513.66,2023-01-16
5,4287.2,2022-05-27
14,4641.71,2023-10-04
13,4353.81,2022-12-20
1,4189.1,2022-04-05
1,430.07,2022-04-30
12,4252.32,2023-12-24
10,2468.83,2023-11-24
15,1747.82,2023-09-20
15,-236.4,2023-12-22
7,99.49,2022-05-22
12,,2023-05-18
1,-281.36,2023-03-28
9,144.68,2023-11-16
14,3142.01,2022-08-05
14,1228.55,2023-06-10
9,3002.52,2022-12-12
6,4354.1,2023-09-24
15,-498.33,2022-03-25
12,1631.99,2022-06-14
9,1870.73,2023-12-14
5,4916.13,2022-11-05
8,4128.0,2023-05-30
1,375.17,2023-11-13
11,1071.76,2022-01-19
15,2552.49,2022-12-28
10,,2023-04-01
2,460.74,2023-12-03
9,2076.13,2023-11-23
1,3987.65,2023-08-15
5,3049.89,2023-05-21
7,756.47,2023-01-24
12,2801.48,2022-10-05
15,2963.35,2023-07-26
9,1195.83,2022-08-05
10,3114.87,2022-11-26
6,,2023-11-02
5,-475.5,2022-06-07
3,4005.79,2023-11-08
8,2616.71,2023-01-11
13,2228.57,2022-12-26
14,4706.1,2023-10-19
11,4569.62,2023-01-07
8,2958.74,2022-04-02
1,4568.22,2022-02-26
12,460.14,2022-11-27
10,263.62,2022-03-11
6,2896.25,2023-05-15
15,2781.28,2023-12-29
11,4979.09,2023-09-20
8,4488.08,2022-05-22
11,,2023-10-19
3,3269.49,2023-11-26
7,4946.89,2023-10-24
10,4454.99,2023-11-30
1,2035.85,2023-12-21
1,4024.76,2022-01-27
8,1572.92,2022-09-29
2,2671.0,2022-09-15
6,1331.39,2022-01-13
10,2779.53,2022-08-21
2,2615.74,2022-10-14
15,524.96,2023-04-27
4,4308.49,2023-10-03
3,4781.37,2022-09-01
5,4208.78,2023-02-06
14,2780.32,2022-07-21
4,2893.59,2023-07-31
11,2993.27,2023-02-02
2,3375.49,2022-02-21
9,2462.46,2023-07-24
10,3980.77,2023-09-12
2,4509.46,2023-05-13
4,3751.93,2022-11-06
1,4810.72,2023-11-29
4,4812.21,2023-05-31
12,4337.61,2023-02-03
7,459.09,2023-07-31
5,2884.48,2022-06-24
2,3465.71,2023-10-02
9,-366.65,2022-06-13
7,4583.13,2023-01-06
13,676.14,2022-02-05
5,954.65,2023-07-12
4,2809.62,2023-10-26
13,3907.81,2022-04-11
11,3378.26,2023-11-08
11,2972.03,2022-11-08
11,1149.04,2023-04-19
13,3930.33,2022-11-26
7,2625.92,2022-04-30
11,52.45,2023-04-21
6,965.53,2023-10-11
7,3876.23,2023-12-22
10,1259.72,2022-06-18
10,4893.46,2022-02-18
14,4030.96,2023-02-19
1,4577.87,2022-08-15
10,966.7,2023-10-03
6,3315.42,2022-04-19
5,2973.44,2022-12-23
12,3106.58,2023-11-12
8,893.46,2023-06-28
4,4163.58,2023-10-27
13,3968.59,2022-09-09
13,3075.58,2022-12-12
12,2981.55,2022-04-10
14,3329.38,2022-11-22
3,4321.15,2022-01-10
6,1321.53,2023-04-22
12,3603.8,2023-12-11
6,511.12,2023-05-20
10,1078.79,2023-07-22
11,391.82,2023-09-30
6,,2022-01-07
4,85.63,2023-12-26
6,496.97,2022-06-05
13,2420.06,2023-04-07
9,3730.25,2023-05-05
15,2382.38,2023-04-07
3,1228.18,2023-04-17
15,1367.99,2023-03-17
3,3582.18,2022-03-25
4,1279.1,2023-07-13
2,286.59,2023-03-23
3,3932.21,2023-12-21
6,3708.55,2022-07-29
6,1768.35,2022-12-03
15,,2023-12-23
15,433.66,2022-12-22
10,4239.86,2023-08-08
6,240.35,2023-12-31
15,2463.95,2022-04-22
4,4043.7,2023-05-18
8,1194.36,2022-07-09
12,3883.28,2023-06-16
14,665.97,2022-03-08
4,329.31,2023-04-13
8,-489.83,2022-05-05
9,2229.44,2022-04-14
7,,2022-09-28
12,1381.96,2022-10-29
12,684.77,2022-08-16
2,3011.78,2023-08-07
7,3018.19,2022-07-29
14,2360.53,2022-09-30
12,883.69,2023-05-22
8,3810.5,2022-08-30
12,857.15,2022-03-02
8,-195.57,2023-09-19
10,4490.07,2023-11-02
12,145.65,2022-02-05
6,1558.75,2023-06-09
13,3862.41,2022-09-10
14,101.86,2023-04-14
10,-236.19,2022-07-18
14,1431.91,2023-03-29
12,4592.67,2022-11-12
2,1346.09,2023-03-30
8,2374.65,2022-01-20
7,1374.06,2023-07-02
13,3493.64,2023-10-15
4,,2022-06-03
4,2259.72,2023-02-10
15,4403.64,2023-09-07
15,4975.63,2022-06-09
7,3907.44,2023-04-13
6,713.33,2023-08-24
2,3194.13,2023-06-03
13,1296.76,2022-05-25
5,2326.92,2023-06-11
15,4961.57,2023-06-20
9,231.47,2023-09-07
6,2880.39,2022-08-23
3,2668.8,2022-10-02
10,433.58,2023-07-29
15,4921.6,2023-03-02
12,4234.07,2023-07-13
5,3409.31,2022-06-08
9,-380.07,2022-08-14
13,1386.49,2022-03-15
13,138.57,2023-09-03
14,2904.96,2022-10-04
9,4760.3,2022-04-25
4,3735.28,2023-08-30
13,800.37,2023-06-13
11,4990.85,2023-06-16
6,4735.19,2023-01-10
5,4956.14,2023-09-01
1,4868.97,2023-05-21
15,2302.52,2023-12-21
14,4045.31,2022-12-07
5,1660.48,2023-01-23
5,2515.7,2022-09-21
8,4544.48,2023-09-30
13,4705.81,2022-05-01
8,321.2,2023-10-17
11,2281.53,2022-10-21
6,1221.07,2022-03-08
1,436.49,2023-12-30
8,1419.97,2022-07-25
7,919.96,2022-09-30
13,-222.19,2022-11-17
10,1118.7,2023-02-14
6,268.78,2022-10-05
5,1307.81,2022-03-05
13,1527.72,2023-06-22
7,756.77,2023-08-30
15,4261.71,2023-12-27
3,,2022-09-26
14,3467.62,2022-08-07
3,2584.38,2023-01-10
13,821.85,2023-09-13
2,2399.43,2022-10-13
3,-409.93,2022-11-25
13,2855.72,2023-01-19
6,4508.92,2023-03-26
6,748.24,2023-05-17
11,98.3,2023-04-22
12,2961.84,2022-09-01
5,1893.48,2023-12-25
7,4439.72,2023-01-05
1,2935.65,2022-07-07
14,,2022-11-02
6,4466.76,2022-08-28
7,4900.1,2023-11-13
2,3256.87,2022-10-01
7,940.43,2023-01-22
15,151.5,2023-08-30
1,3083.74,2023-08-27
14,4040.86,2022-01-11
3,3605.32,2023-05-20
6,4751.61,2022-10-30
5,241.23,2023-03-09
14,1104.84,2022-03-01
6,3145.72,2022-10-13
6,4563.46,2023-11-10
5,-66.52,2023-07-01
10,951.98,2023-04-23
8,4387.53,2022-08-30
8,1945.32,2022-06-24
5,4689.53,2022-03-08
13,1448.96,2023-05-09
3,2010.63,2022-04-03
8,4921.36,2023-02-18
5,1067.1,2023-05-29
15,595.06,2022-07-05
8,4669.72,2022-06-16
8,96.13,2022-03-04
4,2468.59,2022-03-27
1,56.09,2022-01-30
4,849.94,2023-07-27
2,,2023-11-05
6,4297.63,2023-03-24
11,-105.68,2022-06-09
3,511.78,2022-02-23
12,2279.3,2023-08-07
11,290.72,2022-05-06
2,933.58,2022-11-29
15,2069.55,2023-01-23
3,,2022-12-04
13,690.01,2022-07-17
12,648.82,2022-10-16
12,2927.25,2023-07-25
4,1636.74,2022-07-19
12,2260.7,2023-04-27
10,2703.16,2022-12-24
11,4917.52,2022-03-23
9,457.31,2023-11-22
11,3615.04,2023-12-05
10,,2022-04-23
9,247.59,2022-02-12
8,2840.76,2022-03-14
7,4968.65,2023-11-24
10,3481.93,2023-03-13
7,2989.06,2022-12-24
4,-310.63,2022-05-28
2,2662.94,2023-02-20
9,2239.25,2023-12-20
11,1122.17,2022-06-17
3,3772.1,2022-10-20
8,1197.55,2022-09-23
9,3467.19,2022-09-01
13,,2023-02-03
15,4962.31,2023-03-17
13,1193.89,2023-02-21
13,1431.79,2022-04-08
14,113.55,2023-02-19
15,385.92,2022-11-12
4,3693.54,2022-10-03
7,1832.3,2023-01-10
4,3838.35,2023-04-25
5,-214.36,2023-02-01
8,2321.9,2022-09-14
7,2326.58,2023-04-12
2,4757.47,2023-10-30
8,2000.95,2022-08-05
12,,2023-01-06
7,3013.85,2022-05-01
12,3306.9,2022-03-05
10,1872.81,2023-06-11
12,2757.19,2023-09-12
14,1721.13,2022-08-21
12,214.54,2022-11-29
10,448.63,2023-08-25
10,1170.44,2023-08-21
7,1942.99,2023-10-09
3,4132.84,2022-02-27
13,-154.25,2023-03-30
13,3219.01,2022-05-20
10,3983.66,2023-10-06
3,1106.46,2023-02-19
6,2803.76,2023-01-19
12,,2023-01-20
10,3065.38,2022-07-27
12,2652.1,2023-07-07
4,4334.06,2022-09-17
14,3043.3,2023-06-18
6,4928.29,2022-04-08
13,3701.28,2023-11-22
7,4508.54,2022-03-09
7,4201.53,2022-04-05
3,4476.03,2022-10-23
6,478.51,2022-01-18
14,123.66,2023-03-05
14,2710.83,2023-10-27
5,2503.8,2023-10-24
7,1196.98,2022-05-18
2,,2023-11-03
7,1764.37,2022-06-30
1,4481.44,2022-05-17
9,1061.57,2022-10-14
11,603.06,2022-09-16
1,1272.99,2023-02-04
10,1339.14,2023-06-09
14,3687.47,2024-01-01
13,2631.91,2022-12-09
12,-423.44,2022-09-29
6,1626.67,2023-05-06
9,3658.54,2023-01-02
7,3659.79,2023-08-03
15,-68.4,2023-01-22
1,3243.51,2022-03-10
10,,2023-11-03
12,565.49,2023-03-22
4,3475.02,2023-04-23
15,1472.51,2023-12-01
12,158.99,2022-04-11
6,258.81,2022-04-03
2,4015.19,2022-01-14
11,2788.73,2022-09-27
4,1237.03,2022-01-07
9,3369.28,2022-04-19
10,3527.88,2022-05-10
13,2945.02,2023-12-12
10,4933.01,2022-09-14
7,,2023-03-21
2,,2023-03-26
5,2935.62,2023-12-19
15,1496.11,2022-03-05
10,3839.54,2022-04-21
1,4605.73,2022-08-26
8,520.14,2022-09-26
4,415.41,2022-01-15
11,1895.67,2022-07-15
14,655.54,2023-06-14
3,2228.06,2022-04-22
15,2836.17,2023-09-02
5,2717.48,2023-08-17
8,4785.56,2022-10-21
9,3911.56,2022-09-19
12,1153.65,2023-09-21
13,,2023-11-08
2,-366.31,2022-09-05
15,-73.23,2023-06-14
2,1328.19,2023-06-24
8,1305.45,2023-07-11
11,3821.6,2023-04-25
11,2537.44,2022-06-05
6,2203.83,2022-10-18
7,2677.75,2023-04-07
3,1903.58,2022-06-09
12,264.35,2023-11-27
14,1452.98,2022-07-02
13,4439.22,2023-09-25
5,3394.47,2023-08-06
12,2800.64,2023-10-18
2,2970.28,2023-02-16
10,2615.24,2023-05-01
7,1555.63,2023-06-08
14,4513.17,2022-05-02
14,2244.34,2023-09-14
6,1916.23,2022-11-02
4,3734.72,2023-11-04
1,1792.62,2022-08-14
10,1340.05,2022-10-06
15,4622.91,2022-01-11
15,1011.89,2022-08-05
13,933.38,2023-10-29
10,4875.75,2023-11-22
9,1005.28,2022-04-24
4,1775.17,2023-10-22
15,2835.46,2022-04-17
3,4551.83,2023-07-12
6,4522.07,2022-07-05
6,1240.32,2023-04-17
12,3230.93,2023-12-29
9,4596.47,2022-09-02
15,2857.57,2023-01-14
11,384.85,2023-07-17
9,4736.45,2022-02-19
2,614.31,2022-01-10
12,-182.19,2023-07-27
1,1913.74,2022-09-14
14,4510.87,2022-04-17
13,2327.31,2023-01-12
6,2604.86,2022-08-02
11,4244.8,2022-01-12
7,375.73,2022-08-09
10,3163.83,2022-07-30
3,3757.91,2023-12-07
9,869.38,2022-09-06
8,1560.36,2022-05-09
3,3176.81,2023-09-30
14,1480.64,2022-11-02
8,3589.98,2022-12-07
13,900.29,2022-02-25
15,1740.78,2022-08-23
4,2984.53,2022-09-02
6,,2022-08-13
2,1144.01,2022-03-10
14,2085.97,2023-03-19
12,3078.9,2023-07-16
2,3434.35,2023-03-06
8,-471.61,2023-12-16
7,123.1,2023-09-12
1,2434.85,2023-04-11
11,4788.74,2023-06-17
1,-378.82,2022-02-28
11,1719.76,2022-10-29
3,2185.94,2023-04-06
15,2648.62,2022-03-31
3,4783.73,2022-09-19
8,628.16,2023-07-20
13,917.63,2022-08-31
3,1127.13,2023-08-20
8,1218.1,2023-06-09
7,,2022-02-26
2,2821.42,2022-04-11
10,2997.25,2023-09-18
12,1663.46,2022-12-29
12,669.4,2023-03-21
8,218.11,2022-05-12
11,1924.77,2022-11-26
10,4254.18,2023-01-25
11,2088.93,2022-08-18
2,2855.13,2023-12-07
9,4626.05,2022-03-09
7,3203.15,2022-02-02
3,2340.39,2022-07-07
6,3373.02,2022-06-13
9,216.8,2023-04-24
6,,2022-07-03
12,1227.55,2023-03-13
4,245.73,2023-02-06
11,907.32,2023-11-13
7,1961.71,2022-03-10
2,979.02,2022-02-23
13,2884.51,2023-03-31
4,1256.55,2023-04-27
1,465.11,2022-02-14
7,,2023-12-15
15,1453.62,2023-01-09
4,935.46,2022-12-11
10,1664.67,2022-10-31
5,952.64,2022-01-31
10,320.47,2022-07-18
2,3437.22,2023-11-13
1,340.54,2023-04-22
4,3320.89,2023-01-14
1,523.96,2023-04-09
14,4018.94,2023-10-02
5,4702.73,2022-08-09
12,231.22,2023-11-16
5,3476.84,2023-11-09
12,2492.26,2022-05-11
2,2019.81,2023-03-13
4,741.2,2022-09-23
7,4246.36,2022-07-02
7,4703.98,2022-09-18
9,-474.92,2022-03-22
15,161.93,2022-06-26
14,1963.46,2023-08-13
3,1646.41,2022-01-01
4,2699.56,2023-07-08
9,1372.19,2022-03-14
3,-32.18,2022-05-08
13,1196.74,2022-04-01
7,2074.74,2023-06-04
4,627.79,2022-06-12
11,1701.83,2022-07-30
8,3939.4,2023-01-13
3,3974.56,2023-03-17
15,2816.79,2022-05-05
12,1415.71,2023-06-08
3,-174.06,2022-01-08
4,3603.29,2022-04-25
7,1655.38,2023-03-28
2,3161.95,2022-08-25
2,2232.76,2022-01-31
8,1732.59,2022-05-21
7,2618.65,2022-09-12
14,4970.47,2023-06-18
4,3677.24,2023-05-18
2,3103.92,2023-07-26
15,4388.8,2023-08-26
2,4898.82,2022-08-17
8,1644.62,2023-03-10
10,4214.22,2022-04-02
14,4457.92,2022-03-28
5,4791.56,2023-07-06
6,4653.24,2023-02-21
13,3761.15,2022-04-03
5,,2022-08-01
15,4867.59,2022-04-28
10,3882.02,2023-04-14
15,4509.85,2022-10-16
15,,2022-03-14
15,657.49,2023-08-20
4,784.51,2023-09-21
6,1023.11,2023-10-23
15,2851.07,2023-11-04
5,3546.02,2022-11-02
3,338.69,2023-12-22
1,,2023-07-21
9,1020.11,2023-03-30
12,4401.15,2023-09-12
15,4608.39,2022-11-13
1,3657.47,2022-01-20
1,379.54,2022-06-01
13,4887.07,2023-05-08
15,1253.26,2023-10-14
12,,2022-05-08
2,776.1,2023-11-26
1,1120.01,2022-09-01
11,2295.93,2022-12-20
9,1109.24,2023-12-10
10,735.23,2022-06-05
14,1874.62,2022-05-02
6,4738.08,2023-02-09
14,,2022-03-17
14,1570.04,2023-10-15
8,4140.12,2023-01-12
2,-297.66,2022-07-13
10,,2023-11-22
3,4848.51,2022-11-21
2,775.07,2023-08-05
8,3382.16,2022-01-25
10,1018.9,2022-12-06
8,2810.68,2023-01-05
3,1288.69,2023-11-11
3,1027.09,2022-04-22
2,831.62,2023-01-26
6,2318.27,2022-10-30
11,4340.71,2022-04-28
14,4761.36,2022-04-07
1,212.44,2022-04-17
7,3701.0,2022-09-17
7,104.77,2023-06-13
4,3054.43,2023-11-10
2,2943.68,2022-09-02
15,2487.95,2023-03-16
8,-368.48,2023-04-24
4,1300.06,2023-05-26
7,3167.99,2023-06-30
5,-385.34,2023-01-09
3,2671.75,2022-02-13
14,2071.16,2023-10-23
7,4581.98,2023-11-18
2,3217.85,2022-07-17
15,1433.0,2022-09-24
5,836.88,2023-05-26
1,-27.33,2022-05-31
11,484.62,2023-09-16
13,142.01,2023-08-13
15,4421.79,2022-04-25
3,3689.43,2023-09-12
7,3664.14,2022-11-23
6,530.17,2023-02-20
13,475.27,2023-09-25
14,3120.63,2023-05-10
9,1563.15,2022-01-29
2,4322.88,2022-09-29
11,,2023-08-19
4,1614.24,2022-05-29
5,1387.29,2023-09-25
12,535.82,2023-02-10
7,3002.66,2022-08-31
5,3283.84,2023-09-23
15,56.85,2023-03-31
7,817.87,2022-03-24
7,2553.33,2022-12-27
4,1293.41,2022-02-04
7,4765.88,2022-09-17
2,2765.78,2022-07-06
10,2013.04,2022-01-05
8,,2022-07-01
13,2222.53,2022-02-07
3,2203.41,2023-05-09
9,3115.59,2023-09-11
4,1814.29,2022-06-02
10,2445.26,2022-11-12
15,2023.46,2022-12-09
8,4738.67,2023-01-23
9,919.42,2022-06-10
9,2468.28,2023-04-20
3,3945.71,2022-10-17
13,4598.55,2022-10-16
8,3490.85,2022-12-12
8,2274.04,2022-04-10
15,3555.66,2023-07-03
3,,2022-01-27
10,2809.33,2023-08-09
4,53.68,2022-02-16
6,695.74,2023-12-06
11,94.23,2023-05-18
1,3700.88,2023-12-26
8,1722.3,2023-11-27
4,2499.72,2022-06-19
5,4672.94,2023-03-24
7,863.26,2023-03-08
12,3725.48,2022-02-07
8,769.51,2022-01-22
11,3389.11,2022-10-17
9,987.37,2023-05-31
5,712.98,2022-06-02
8,176.91,2023-11-22
14,-463.25,2022-05-01
11,3688.39,2022-07-13
11,1941.49,2022-06-30
15,411.09,2023-10-12
12,1476.2,2022-06-09
8,4584.69,2022-10-25
3,2806.23,2022-09-25
1,2795.31,2023-12-01
3,1075.86,2022-12-23
10,3629.81,2022-09-10
14,2299.03,2023-02-24
10,1142.87,2023-05-12
11,139.56,2022-05-28
4,4042.03,2023-06-06
10,3598.39,2022-10-02
3,,2022-12-02
14,152.5,2023-09-06
6,3006.31,2023-03-24
11,1314.08,2023-02-22
15,-399.21,2023-04-06
4,1780.84,2022-05-27
2,3303.55,2022-02-20
3,522.39,2022-03-23
6,1566.88,2023-12-31
10,3467.05,2022-09-29
4,4300.92,2022-09-07
5,2259.63,2023-04-16
7,2302.3,2023-03-04
7,484.61,2023-06-07
2,4157.75,2023-04-05
14,3598.23,2022-09-06
3,4476.23,2022-06-22
1,3979.33,2022-07-30
5,3136.18,2023-04-06
9,,2023-05-02
9,2095.26,2022-12-13
1,709.17,2022-10-25
3,4463.18,2022-08-09
4,-375.52,2022-09-13
9,2636.81,2022-07-09
4,3196.91,2023-07-30
10,2865.69,2023-09-22
13,1055.93,2023-07-05
4,488.85,2022-03-13
4,3661.59,2022-01-05
3,2963.62,2022-01-30
15,2154.89,2022-05-17
6,4662.46,2022-03-14
1,1051.18,2023-05-19
12,3094.14,2023-02-22
14,4902.0,2022-10-05
13,1588.92,2022-06-30
7,1924.75,2022-05-21
12,2765.18,2023-11-03
13,-294.39,2022-03-21
13,3040.39,2023-06-08
5,335.28,2022-04-17
7,3757.75,2022-10-18
7,954.79,2024-01-01
4,1137.43,2023-04-17
11,3600.59,2023-03-05
1,3051.82,2023-06-20
11,-117.13,2023-06-25
3,,2022-08-02
14,1662.89,2023-12-01
12,1687.28,2022-05-20
13,1224.68,2022-05-27
6,244.41,2023-08-20
15,1742.15,2023-10-23
15,2247.94,2023-08-20
2,3696.49,2022-07-05
10,3697.14,2022-07-22
15,179.43,2022-05-31
2,4590.1,2022-09-24
2,1985.56,2023-03-06
1,3652.13,2023-07-07
13,-150.71,2023-02-16
8,2584.08,2023-03-20
5,1882.37,2022-12-25
11,345.98,2023-12-03
6,4090.2,2022-04-12
14,4535.26,2023-05-09
1,4711.7,2023-04-03
13,4340.07,2022-05-05
13,2052.7,2023-11-10
8,4662.4,2022-06-19
8,3775.3,2022-09-11
10,688.25,2022-10-23
4,2644.59,2023-08-20
9,584.71,2023-10-16
9,2455.75,2022-03-23
1,3051.66,2022-12-28
13,1314.35,2023-10-06
15,512.62,2023-02-07
8,2277.27,2022-03-15
4,134.31,2022-06-15
11,2222.09,2024-01-01
4,3225.42,2022-03-18
12,,2022-02-10
14,4289.04,2023-03-27
6,3743.75,2022-06-16
5,3182.37,2022-03-07
4,76.05,2022-01-17
13,1077.58,2023-07-12
12,-475.98,2023-07-07
11,-50.01,2022-03-11
4,693.46,2022-02-24
2,2315.26,2022-02-28
14,4655.97,2023-10-25
5,71.54,2022-01-18
12,4933.71,2022-08-05
12,2079.53,2022-12-23
8,-186.99,2023-03-09
6,2237.11,2023-07-08
6,592.49,2022-11-04
10,3134.01,2023-03-27
13,3009.99,2022-02-24
6,4006.33,2022-08-29
8,1452.69,2022-04-19
3,-197.05,2022-06-18
14,647.16,2022-09-05
6,2081.96,2022-04-05
3,4165.08,2022-12-17
3,3587.4,2022-02-21
8,413.19,2023-05-30
14,4635.42,2022-12-01
4,3932.2,2023-12-27
8,1268.47,2022-11-13
10,-203.51,2022-08-22
7,2957.57,2023-04-13
7,,2023-04-21
10,4776.04,2022-09-05
14,,2022-06-29
14,1148.4,2022-08-28
2,401.06,2023-12-19
9,,2023-06-17
8,1567.39,2023-02-22
14,772.41,2022-11-23
9,3220.38,2023-01-14
5,3762.52,2023-01-17
3,4354.88,2023-03-27
13,4420.86,2022-01-14
6,2333.66,2022-06-24
3,1832.1,2022-11-09
5,2148.95,2022-06-18
14,2284.87,2022-02-12
11,2178.66,2022-10-09
12,2840.49,2022-07-13
15,3722.41,2022-01-31
15,,2022-06-28
14,740.31,2023-03-01
7,161.6,2023-12-09
1,,2023-03-23
10,804.63,2022-06-26
13,2110.37,2022-06-28
6,1861.68,2023-07-04
1,1312.95,2022-12-04
10,4653.87,2022-02-15
11,4839.68,2023-04-03
8,378.37,2022-12-21
13,402.2,2023-02-14
3,,2022-12-27
6,2379.77,2023-02-01
6,1338.23,2023-08-23
1,2322.76,2023-01-10
12,3717.3,2022-01-17
2,4191.93,2023-11-12
10,1918.77,2023-11-05
7,3056.47,2022-01-30
6,2793.77,2023-09-03
1,3226.42,2023-07-12
6,4853.65,2022-11-06
14,1145.86,2022-07-06
10,4473.35,2022-06-24
13,1250.0,2022-07-09
8,1424.76,2022-04-22
3,4875.46,2022-06-26
12,1561.74,2022-05-22
15,161.1,2023-08-19
10,1086.04,2023-01-22
5,964.0,2023-01-14
5,1388.48,2022-10-28
10,3033.62,2023-11-12
14,2348.09,2022-12-28
11,4139.25,2023-09-01
7,3135.29,2023-07-08
7,4188.73,2023-04-25
14,3482.85,2023-06-20
15,1326.63,2022-05-30
15,-332.66,2023-11-20
7,1818.63,2022-11-06
14,2740.5,2022-07-01
5,2761.42,2022-06-22
6,,2022-04-25
3,2388.24,2023-08-03
7,1522.36,2023-12-21
13,4960.07,2022-02-25
13,2921.64,2022-05-08
12,2898.48,2022-06-27
12,2951.51,2022-01-20
1,4778.37,2023-01-14
8,1067.07,2022-01-20
9,2386.54,2022-09-21
4,3799.53,2023-01-09
2,,2023-02-26
1,4306.4,2023-07-14
10,3837.18,2022-05-13
10,4804.23,2022-03-13
13,3078.73,2023-02-03
13,4077.41,2022-10-21
4,2798.24,2022-12-29
12,2926.77,2023-01-02
14,737.89,2023-01-13
4,1089.69,2023-07-11
9,3584.76,2022-05-03
12,-483.19,2023-11-27
4,3574.06,2023-11-10
10,,2022-12-21
10,370.72,2023-02-11
1,3746.81,2023-11-19
10,571.9,2022-11-07
15,2208.71,2022-05-15
7,2985.17,2022-05-26
13,1267.45,2023-01-09
7,4916.44,2023-11-13
2,2741.15,2022-04-12
13,-351.44,2022-09-26
9,4012.68,2023-02-23
3,4422.69,2022-10-07
11,,2023-08-15
2,4352.25,2023-12-15
10,3890.53,2022-03-07
14,1020.6,2023-06-03
10,2646.98,2022-10-03
6,559.8,2022-05-22
15,2808.46,2022-07-28
7,1661.0,2023-01-23
1,796.67,2023-07-23
3,4097.85,2023-01-09
14,2255.71,2023-05-14
7,1080.01,2022-12-30
12,4312.55,2023-08-25
12,676.56,2023-02-07
5,1521.24,2022-05-18
13,307.51,2023-06-12
1,2545.58,2022-06-09
5,4910.06,2022-12-08
10,2099.72,2022-04-09
15,1004.81,2023-07-08
11,310.3,2023-01-23
10,4010.19,2022-06-01
9,977.96,2023-11-08
3,3466.05,2023-09-01
2,3921.67,2022-07-03
15,2037.89,2023-08-06
9,199.38,2023-02-01
12,897.39,2023-06-26
6,312.91,2023-02-25
2,541.42,2022-12-24
11,4177.91,2022-06-27
4,4079.81,2023-08-29
6,3820.61,2022-01-27
1,2300.35,2022-01-29
12,2269.25,2022-03-25
8,3175.6,2022-07-07
6,3495.12,2023-07-30
10,4133.4,2022-03-11
13,-323.92,2022-04-18
4,1521.39,2023-12-24
8,2589.46,2022-12-30
11,729.39,2023-04-15
15,2149.51,2023-06-19
2,2781.39,2022-06-15
8,960.88,2023-07-16
15,4172.2,2023-03-21
13,2718.73,2023-05-07
11,,2023-04-19
6,835.84,2023-04-28
7,3296.63,2023-09-19
2,4660.14,2023-03-11
1,1314.91,2023-07-16
6,3715.97,2022-12-31
15,1117.33,2023-06-11
12,882.38,2022-05-13
3,3938.58,2023-11-04
12,1481.8,2023-08-16
13,2512.92,2023-03-08
14,697.4,2023-02-14
10,3621.43,2023-04-27
12,183.89,2022-09-03
12,1519.54,2022-09-20
7,,2023-10-16
10,4648.54,2022-07-10
11,3274.19,2022-03-21
5,-420.04,2023-05-17
5,-101.92,2023-02-16
3,1682.35,2023-03-25
13,3363.74,2023-04-21
5,76.14,2023-09-13
14,2656.07,2023-03-16
6,2688.32,2022-08-02
2,4690.07,2023-10-04
5,3322.24,2022-06-12
10,4280.52,2022-01-21
1,3048.35,2022-04-14
8,4169.14,2023-06-29
13,1536.89,2023-10-24
10,2721.89,2023-11-24
5,4178.05,2022-03-04
15,2831.95,2022-07-26
11,415.34,2023-11-25
14,897.33,2023-08-04
1,1839.4,2023-04-10
11,4145.97,2022-07-29
11,1211.7,2022-07-30
5,673.06,2023-08-25
1,913.29,2023-10-17
13,276.4,2023-08-08
7,,2022-10-02
3,3054.73,2023-07-09
14,,2022-03-10
7,,2022-08-22
12,1832.57,2023-03-03
2,4139.72,2022-03-20
6,2653.44,2022-09-09
4,2075.73,2022-06-09
11,1642.76,2022-01-23
10,-180.45,2022-11-28
1,2142.37,2022-05-12
5,1516.6,2023-03-25
4,-381.45,2023-11-25
5,1805.83,2022-06-02
3,,2022-01-18
12,2514.74,2022-12-20
3,1927.67,2022-05-06
13,1275.6,2023-11-08
15,2660.46,2022-03-28
9,1569.67,2022-12-24
2,3584.92,2023-09-18
11,3837.75,2023-01-20
10,1908.01,2022-08-04
3,3589.73,2023-02-21
10,,2023-07-25
12,1788.94,2023-01-02
11,3071.03,2023-05-17
2,257.37,2022-02-22
12,,2023-11-24
1,1177.66,2023-10-18
10,1508.01,2023-10-03
3,308.96,2022-01-11
14,4061.08,2023-12-21
1,1986.47,2022-05-28
2,3019.1,2023-03-20
9,3510.2,2023-06-15
14,761.33,2023-03-11
10,4939.74,2023-02-12
6,-435.9,2022-07-14
8,1271.13,2023-02-26
4,3597.63,2023-04-21
7,2260.64,2022-08-05
15,4346.03,2022-01-17
5,2318.42,2022-11-21
13,1075.69,2022-08-07
2,1986.6,2022-08-28
12,3318.55,2022-03-21
1,455.55,2022-01-18
15,3589.52,2022-03-26
14,2071.28,2023-07-27
4,3523.35,2022-08-16
14,2320.67,2023-01-25
5,2760.55,2023-06-13
8,955.43,2023-05-01
11,4979.59,2022-09-28
1,,2023-09-22
6,4645.51,2022-04-09
4,3219.51,2023-09-18
12,3967.74,2023-10-11
12,3958.96,2023-12-29
7,4406.0,2023-05-25
10,3068.96,2022-11-09
11,,2022-08-16
6,4161.88,2023-05-29
15,,2022-08-02
4,2026.39,2022-12-26
11,3019.64,2023-12-30
3,761.66,2023-12-08
8,2924.48,2023-03-26
3,1643.11,2022-09-18
5,2094.44,2022-07-11
11,4544.95,2022-11-25
14,2273.82,2023-09-23
2,963.56,2022-01-31
7,4523.09,2023-04-20
3,813.9,2022-06-13
7,1329.67,2022-09-02
11,4761.25,2023-03-01
2,679.41,2022-12-16
11,4638.64,2023-02-11
2,3493.68,2022-05-04
9,2207.93,2022-11-03
10,4599.15,2022-11-06
9,1835.75,2023-04-04
8,4919.71,2023-01-02
13,3248.1,2022-11-13
11,3327.48,2023-04-17
8,512.82,2023-03-05
3,1348.18,2022-04-11
1,4357.92,2023-08-19
3,2647.7,2022-12-26
2,735.16,2023-02-05
6,2572.24,2023-06-11
15,3480.7,2022-05-12
12,474.32,2022-12-04
14,2422.71,2023-02-27
3,-114.48,2023-03-01
6,720.67,2022-12-23
4,3973.15,2023-10-07
3,1779.26,2023-06-27
10,3599.1,2022-05-24
12,4269.56,2022-04-05
2,4533.61,2022-11-14
14,4314.44,2023-02-05
7,3690.2,2023-08-26
1,999.12,2022-07-03
2,331.11,2023-11-13
10,4303.72,2023-06-25
10,3553.48,2022-07-13
1,4184.77,2022-11-03
15,,2022-05-05
1,-59.31,2023-02-15
13,-299.0,2023-11-29
12,3298.91,2023-10-19
3,1000.85,2022-05-23
2,2502.85,2022-10-04
8,2150.41,2023-05-05
12,3308.29,2022-09-25
14,749.74,2023-05-29
4,3548.46,2023-10-13
4,3986.41,2023-12-22
13,4101.39,2022-09-08
1,4915.81,2022-03-15
12,3883.77,2023-07-16
4,471.38,2023-03-02
13,647.37,2022-09-27
5,1002.95,2023-05-03
7,77.64,2022-06-15
15,1796.71,2022-05-06
9,3833.42,2023-11-11
10,4772.24,2023-11-25
15,1747.57,2022-10-25
3,1017.44,2022-04-01
9,1451.04,2023-02-22
13,,2023-06-23
8,2526.13,2022-12-05
1,1094.43,2023-08-27
4,4412.76,2023-09-21
10,1126.73,2022-10-17
6,756.85,2023-02-05
10,-152.35,2022-10-14
12,-320.84,2023-08-18
2,4407.82,2023-02-27
6,4540.06,2022-08-08
11,4899.79,2022-09-19
6,1707.98,2023-09-17
6,3510.48,2023-07-31
13,576.03,2023-06-07
6,51.93,2023-11-13
14,4514.83,2023-02-06
12,,2022-05-04
11,3044.88,2023-01-02
6,1940.79,2022-08-22
2,1200.24,2023-04-03
13,1731.33,2022-06-11
10,2744.89,2022-08-26
12,3684.89,2022-10-09
11,,2022-10-21
7,2755.64,2023-12-24
12,2945.38,2023-12-26
6,2016.08,2023-11-28
15,2630.75,2023-03-03
3,3076.48,2022-07-10
12,2971.98,2022-01-08
5,1129.24,2023-01-15
3,602.15,2023-05-25
12,3736.11,2023-08-01
6,3958.28,2022-05-07
8,2282.95,2022-08-27
5,3220.67,2022-12-27
11,4076.0,2022-11-12
13,797.08,2023-04-21
12,4014.99,2022-01-02
11,279.83,2023-09-19
6,4765.16,2023-09-23
1,-482.86,2022-05-06
12,3300.29,2023-11-13
4,4234.22,2022-08-27
12,109.44,2022-02-19
7,3132.32,2023-07-24
9,1796.48,2022-11-10
15,3213.27,2022-10-27
3,480.09,2023-07-31
6,4050.81,2022-08-15
5,,2023-03-02
4,1377.38,2022-07-13
2,2395.36,2022-09-21
1,,2022-03-12
6,3805.85,2023-05-12
12,3769.25,2023-05-31
11,4595.36,2023-11-29
11,4295.72,2023-10-22
13,3154.92,2023-12-10
1,4955.7,2022-09-09
3,-361.52,2022-10-31
9,1155.47,2023-08-21
4,2100.98,2023-07-16
15,4183.66,2022-08-02
1,2117.79,2022-05-15
12,4727.28,2023-11-12
10,392.4,2022-07-13
8,492.95,2022-01-16
3,4579.12,2023-12-31
12,1841.28,2023-12-07
4,4337.41,2022-07-05
11,2045.96,2023-12-11
7,,2023-10-23
12,1095.55,2023-06-23
14,3860.58,2022-09-15
12,4123.69,2023-05-26
13,3963.25,2022-10-22
11,334.38,2023-07-05
2,-144.16,2023-06-11
5,882.37,2022-06-15
2,2607.56,2022-12-30
13,2750.92,2022-06-24
12,497.64,2022-01-03
8,2541.16,2022-07-13
8,667.77,2022-11-10
8,4515.19,2022-02-26
15,4522.98,2023-04-29
10,4643.16,2023-11-12
14,4766.56,2022-10-15
6,4599.35,2022-01-18
6,4607.1,2023-04-14
10,2696.66,2022-10-29
3,643.71,2022-05-06
6,1907.25,2022-10-15
14,2914.03,2022-01-08
13,1630.91,2022-01-22
5,321.61,2023-06-03
6,2117.83,2022-02-17
4,3414.68,2023-04-24
6,2408.48,2022-10-24
13,1242.27,2023-07-14
9,3882.25,2022-03-15
7,-77.69,2022-03-22
11,4208.35,2023-07-09
15,935.13,2023-10-09
14,4811.78,2022-08-31
1,4807.27,2022-04-01
7,4039.12,2022-06-05
12,4106.17,2022-01-26
3,2573.32,2022-06-15
9,1260.66,2022-10-25
6,3724.88,2022-08-24
4,1277.12,2023-12-03
15,4422.03,2023-09-22
1,1065.39,2022-02-16
6,3149.91,2022-06-04
15,1909.6,2023-04-16
6,1776.75,2023-08-10
5,434.17,2023-07-30
7,3327.0,2022-05-05
9,2786.42,2023-01-03
15,,2022-02-17
5,4180.75,2023-08-02
12,2741.78,2023-04-15
3,2396.57,2022-12-28
11,491.24,2023-07-14
8,4941.71,2022-09-06
6,4482.32,2022-12-13
13,541.82,2022-07-20
2,4058.61,2022-01-03
14,,2023-03-28
6,1267.32,2023-06-04
2,2827.23,2023-07-11
13,122.19,2023-05-13
9,1078.13,2022-10-18
3,1267.67,2022-04-23
8,3138.85,2022-05-09
14,1955.77,2022-11-05
10,3354.89,2022-08-28
12,4902.51,2023-03-13
2,168.08,2023-09-02
1,716.56,2023-03-30
11,4577.44,2022-11-25
15,-326.16,2022-05-12
15,3096.39,2022-06-01
13,1181.96,2023-06-10
8,3144.13,2022-06-02
15,1207.26,2022-06-22
4,2039.71,2022-04-19
13,4095.83,2022-11-29
13,493.27,2022-08-25
6,944.04,2022-08-22
8,,2023-08-12
15,355.21,2023-11-02
15,1922.39,2022-11-01
15,4169.61,2022-10-12
11,4212.76,2022-06-08
3,80.89,2022-01-27
6,2465.17,2023-05-16
12,4842.81,2023-12-19
3,2141.99,2023-03-08
12,,2022-10-06
13,1392.17,2023-03-26
4,2046.72,2022-10-19
15,2730.68,2023-03-14
3,-369.5,2022-07-07
13,4468.32,2022-10-14
7,2172.82,2022-01-21
11,3400.28,2022-01-28
1,183.02,2022-09-11
4,3097.0,2023-01-17
1,4145.16,2023-10-09
3,1970.15,2022-03-15
4,4710.9,2023-03-18
15,-90.53,2022-06-17
7,3123.01,2022-11-12
10,1638.96,2023-10-05
13,4927.3,2022-04-18
13,383.84,2023-03-06
15,417.32,2022-03-26
5,4008.93,2023-05-24
1,3423.11,2023-09-21
2,2207.89,2022-03-20
4,3987.53,2022-11-27
9,2501.72,2023-12-10
6,2264.78,2022-02-14
13,,2022-08-23
8,1561.46,2022-10-25
6,716.95,2023-03-20
7,3666.57,2022-06-06
10,2998.86,2022-07-29
7,3197.84,2023-07-14
1,3102.78,2022-02-09
11,,2023-03-30
4,,2023-02-23
2,-112.98,2022-04-26
12,1200.57,2022-09-29
10,635.92,2022-12-07
2,4023.87,2022-04-27
5,3955.53,2022-04-26
9,4484.88,2023-03-03
14,2651.08,2022-09-20
11,3347.61,2022-08-18
14,2563.74,2022-02-09
11,2737.68,2022-06-20
2,2849.05,2022-05-28
6,-90.94,2022-06-06
12,3852.69,2022-01-05
4,3107.58,2022-10-22
12,688.01,2022-05-18
15,4755.51,2022-05-23
13,3257.94,2022-08-17
8,2794.02,2022-06-01
3,4242.14,2022-04-29
6,4260.38,2023-12-05
2,4521.71,2023-05-04
3,4209.67,2022-04-03
3,516.58,2022-03-15
13,4886.93,2023-08-28
14,1314.61,2022-01-15
14,528.14,2022-02-10
10,2301.37,2023-04-10
1,-156.67,2022-05-27
11,1069.38,2022-04-05
4,1235.65,2023-05-22
8,959.35,2023-04-19
13,1463.71,2023-01-06
7,394.52,2022-04-16
12,4636.23,2022-11-27
11,,2022-05-29
3,435.73,2023-05-25
9,4061.3,2023-06-08
13,-29.26,2022-11-03
1,254.65,2022-04-06
7,460.6,2023-11-18
5,-302.05,2022-06-17
13,2132.21,2022-12-02
1,1183.94,2023-04-22
15,-14.64,2022-06-25
7,-428.0,2022-03-12
11,1883.87,2022-11-06
1,641.11,2023-10-17
7,4958.71,2023-07-02
3,,2023-07-07
3,-124.7,2023-03-03
15,1851.45,2023-08-21
13,,2023-01-03
4,189.66,2023-07-27
11,,2022-10-29
5,273.93,2023-01-27
5,3908.91,2022-07-22
10,3455.76,2022-06-25
13,3868.25,2022-12-27
11,101.61,2022-12-09
3,-418.45,2022-11-10
10,-133.14,2023-07-27
13,-51.75,2023-09-03
13,4705.04,2023-09-24
11,225.78,2022-07-26
13,3834.24,2022-02-04
4,2069.16,2022-07-19
4,4059.53,2023-04-30
12,106.78,2023-01-10
5,558.42,2022-08-19
11,3861.03,2023-03-13
1,2097.83,2022-01-01
15,2092.15,2023-11-09
12,1282.34,2022-05-13
9,1176.49,2023-11-09
1,670.97,2022-01-13
7,2511.96,2022-10-18
8,4424.95,2023-07-20
14,1862.49,2023-08-30
11,2712.5,2022-05-31
8,669.27,2023-12-15
7,2619.82,2022-07-02
7,834.77,2023-04-13
11,1312.72,2022-05-30
12,1040.96,2023-09-21
10,,2022-03-23
2,1358.43,2023-10-21
4,-364.25,2022-01-28
6,2332.29,2023-05-25
8,3193.68,2023-10-15
2,3479.56,2022-06-12
1,2176.93,2022-12-24
1,869.52,2022-11-26
12,2258.97,2022-12-31
8,4344.91,2023-11-07
5,1386.4,2022-01-15
4,409.27,2022-04-25
11,1329.83,2023-07-26
2,320.94,2022-08-01
11,177.45,2023-11-07
4,1524.85,2022-01-24
5,-80.7,2022-05-21
7,2316.89,2023-10-09
10,2606.55,2022-12-19
12,4461.64,2023-04-02
15,1772.13,2023-10-25
15,3820.6,2022-04-25
7,4119.36,2022-01-25
12,3980.33,2023-06-20
14,3715.34,2023-06-16
12,2525.47,2023-07-14
10,3278.38,2022-05-17
15,1254.69,2023-03-24
2,1223.74,2022-08-05
1,3001.06,2023-10-16
1,4319.94,2022-07-13
1,2179.91,2022-11-27
1,2168.14,2023-11-28
4,1430.32,2023-10-03
9,4525.87,2023-07-10
1,4673.46,2022-02-20
4,,2023-01-05
1,2969.18,2022-02-26
1,,2022-03-26
9,4815.69,2022-06-05
9,1369.97,2022-07-04
14,-234.98,2023-10-06
5,3937.75,2022-04-08
5,2368.47,2022-01-25
8,364.7,2022-11-05
15,3404.92,2022-02-12
7,4622.84,2023-11-03
8,3638.08,2022-07-07
12,2593.67,2022-10-08
15,,2022-12-12
15,648.81,2022-09-07
12,3312.22,2023-09-02
7,872.81,2023-10-17
13,,2023-12-04
11,3725.97,2022-08-12
11,2042.87,2023-11-30
9,4759.92,2022-09-29
14,1140.09,2023-03-01
14,1891.92,2023-09-12
8,2212.88,2022-05-06
4,4985.33,2022-12-12
5,620.59,2023-06-04
8,209.19,2023-01-17
10,1916.11,2022-07-10
15,1964.61,2022-07-18
8,2987.07,2022-04-17
7,2782.26,2022-08-15
10,1606.47,2023-02-21
2,1475.67,2022-12-15
7,2322.35,2023-09-25
15,1512.3,2023-09-27
14,732.37,2023-03-05
4,2911.11,2022-02-18
3,1382.44,2023-10-04
7,3127.58,2023-02-19
1,3234.73,2022-12-14
4,2639.99,2022-11-21
5,,2022-11-09
3,1156.88,2022-01-25
1,1214.09,2023-02-05
15,1504.81,2022-11-13
6,2276.26,2023-10-16
13,732.01,2022-06-02
6,173.09,2022-09-24
13,3664.17,2023-09-14
4,2741.7,2023-05-11
6,4018.1,2022-02-26
10,3036.36,2023-04-14
5,631.48,2022-12-25
9,4623.51,2023-10-29
3,1857.61,2022-02-03
1,2369.51,2022-01-09
6,1721.6,2023-08-16
6,1250.38,2022-05-26
15,4749.8,2022-11-14
2,983.24,2023-09-25
14,1784.87,2022-12-25
4,,2023-07-21
11,1205.05,2022-01-23
6,1684.14,2022-02-06
5,1042.25,2023-02-17
2,3007.75,2023-01-20
1,2635.51,2023-10-06
8,3138.87,2022-07-07
14,1859.0,2023-04-11
5,1567.04,2023-02-27
4,327.46,2022-12-31
3,2393.41,2023-02-02
4,4965.16,2022-01-06
13,4152.52,2024-01-01
15,4341.07,2022-05-21
6,1087.49,2022-12-08
6,4741.74,2022-04-17
5,1404.73,2023-07-04
14,2925.32,2023-09-13
13,1000.57,2023-06-22
10,2413.47,2023-05-14
3,1055.85,2023-08-26
14,600.31,2022-08-30
11,3282.64,2023-07-29
12,2321.12,2023-05-06
14,4216.15,2023-06-20
12,195.78,2023-10-01
15,1076.57,2023-02-27
10,-109.99,2023-05-30
3,905.8,2022-07-31
9,4903.33,2023-02-20
13,1506.98,2023-10-13
14,862.56,2023-07-22
4,1467.73,2023-03-07
11,1794.66,2023-10-25
4,1538.88,2023-03-13
7,-468.57,2023-06-18
4,856.45,2023-11-02
7,2524.14,2023-04-28
12,4410.83,2022-10-12
5,4770.75,2022-04-04
2,-374.47,2023-04-29
8,4970.92,2023-03-28
8,2562.45,2022-12-12
12,691.79,2023-03-20
12,1654.0,2023-09-23
15,1985.76,2023-10-18
11,,2023-04-01
5,2355.66,2023-05-03
6,1214.78,2023-05-28
3,1196.47,2022-01-22
6,3984.9,2023-08-21
9,671.45,2023-06-09
12,-282.39,2023-10-23
7,515.6,2022-01-08
13,3494.11,2023-05-13
9,1427.59,2022-04-13
15,1741.21,2023-03-20
13,1035.1,2023-07-19
14,4931.57,2022-12-14
11,4292.82,2023-01-28
14,2270.49,2022-08-10
4,3522.9,2022-07-02
8,4756.39,2022-11-08
7,3598.22,2023-01-23
14,1448.43,2023-02-09
8,4068.55,2022-01-11
2,3056.01,2022-09-06
8,,2023-11-29
8,825.45,2023-03-04
9,3067.35,2023-12-08
8,1938.18,2023-02-05
8,2751.18,2022-12-31
13,1247.53,2023-08-01
3,-37.78,2022-08-09
13,794.11,2023-02-11
4,4590.95,2022-05-01
15,651.69,2022-02-19
9,1554.73,2022-06-21
4,4252.97,2022-09-25
14,1598.14,2022-03-12
10,758.9,2023-06-15
13,1303.53,2022-10-11
6,721.43,2023-08-16
8,4981.49,2022-09-27
12,3285.23,2022-11-10
15,2369.61,2022-05-25
10,1655.57,2022-08-20
13,350.66,2023-11-30
11,-113.4,2022-04-07
2,790.67,2022-02-12
2,3751.1,2022-08-27
11,3164.8,2022-05-31
14,2824.92,2023-09-23
12,2529.46,2023-01-23
7,4024.19,2023-11-25
15,3508.86,2022-01-16
10,,2023-04-12
1,210.84,2023-05-02
3,4847.39,2022-07-09
15,919.09,2022-08-04
2,4211.04,2023-01-15
5,4575.7,2023-06-27
2,612.41,2022-09-06
12,,2022-10-27
7,4901.15,2022-06-11
7,1127.28,2022-05-26
13,-185.11,2023-12-16
3,3832.88,2022-07-17
6,3732.08,2023-01-07
7,1667.14,2023-02-26
8,3357.03,2023-11-20
13,4824.7,2023-08-08
15,4836.52,2022-08-12
10,3841.8,2023-12-08
5,1359.25,2023-12-05
14,4914.39,2023-08-06
15,4722.63,2022-04-14
5,1663.2,2022-09-06
8,3846.96,2022-03-13
11,-376.4,2022-11-13
3,3653.67,2022-02-07
4,2671.74,2022-06-26
4,-305.84,2023-06-12
5,1593.37,2023-05-14
5,-144.23,2023-10-28
2,-155.36,2022-04-27
13,243.0,2023-12-24
14,111.9,2023-11-03
13,2895.26,2022-02-04
12,2448.07,2023-09-25
1,1990.87,2023-04-18
15,-83.76,2023-06-12
13,3535.88,2023-10-20
4,,2022-09-30
9,1321.37,2023-07-29
7,3396.33,2022-10-08
7,,2022-10-03
2,2466.23,2023-09-18
1,4723.13,2022-02-28
1,-28.52,2022-06-23
7,3047.25,2022-03-30
6,3763.71,2022-05-13
1,2150.24,2023-04-30
2,-42.24,2022-05-31
15,3406.45,2023-04-21
14,1408.62,2022-09-09
14,597.1,2023-02-09
4,1019.74,2022-09-05
14,1377.2,2023-09-13
12,4593.29,2023-01-12
15,3766.12,2022-08-02
15,,2023-05-18
12,241.87,2022-07-22
5,1172.93,2022-12-05
12,2668.99,2022-12-26
9,1786.46,2022-03-31
12,3155.26,2022-08-13
2,,2023-12-08
4,2040.29,2023-01-18
10,3152.1,2022-05-11
1,682.82,2023-02-03
12,841.67,2022-12-31
11,4169.83,2023-12-30
3,1909.53,2023-07-03
3,1136.33,2022-07-04
8,3015.49,2022-07-14
9,2422.38,2023-06-06
5,1206.58,2023-10-15
15,-147.76,2022-07-22
15,4784.95,2022-03-11
7,1716.88,2023-08-24
15,1807.49,2022-12-12
5,3195.98,2022-05-09
4,159.35,2022-11-28
14,4855.48,2022-08-25
13,1182.22,2023-11-06
10,350.04,2023-11-12
3,2849.73,2022-06-10
2,1643.78,2023-08-16
5,3511.84,2023-04-11
9,-351.92,2023-11-24
8,2441.65,2023-10-28
13,4549.78,2022-03-10
12,3151.03,2023-09-21
10,3562.93,2022-06-02
14,-235.87,2023-06-05
10,-199.86,2022-02-18
15,-148.67,2023-04-11
13,2585.74,2023-08-16
10,1064.48,2023-03-30
2,3073.49,2023-07-29
1,1795.56,2022-04-17
8,1436.12,2023-10-07
14,3678.79,2022-05-27
7,4620.71,2022-06-07
6,915.97,2023-04-06
12,-280.25,2022-06-04
10,2654.9,2022-05-02
14,3000.06,2022-11-10
9,4057.09,2023-06-26
4,1933.74,2022-08-25
6,489.32,2022-08-01
4,3455.72,2023-06-20
9,332.53,2023-02-19
12,4972.34,2022-05-10
8,3134.55,2023-09-08
14,2450.31,2022-08-07
11,2310.27,2022-06-11
3,2785.42,2023-09-27
3,3020.77,2023-08-06
10,673.8,2022-02-20
7,1461.44,2023-08-02
3,2356.94,2022-06-01
7,4067.92,2023-10-31
3,1164.47,2023-09-04
11,1506.69,2023-09-06
13,4379.83,2022-06-21
5,3182.43,2023-08-24
1,2468.3,2022-11-04
11,,2023-04-06
15,1279.97,2023-05-01
6,1623.75,2023-01-26
3,3733.31,2022-09-12
5,2763.85,2022-08-26
10,,2022-11-30
6,1232.15,2022-02-12
13,,2022-08-22
8,890.12,2023-07-28
1,2377.61,2023-02-13
15,592.07,2022-12-25
9,722.17,2022-03-07
6,1763.56,2023-09-23
13,135.79,2022-05-11
4,3291.29,2023-06-04
6,-455.97,2023-02-07
6,4983.9,2022-11-08
2,1827.33,2022-12-25
2,4268.97,2022-12-21
11,3973.8,2022-04-30
8,3873.76,2023-05-28
11,909.09,2023-04-04
14,3199.52,2022-08-23
5,3145.19,2023-03-19
6,4093.89,2023-12-24
10,1836.61,2022-04-23
11,2972.22,2022-06-02
5,,2023-11-26
11,2591.29,2023-05-17
4,1989.41,2023-01-26
14,904.12,2023-12-15
5,1786.68,2023-01-03
3,4604.91,2022-04-13
1,470.46,2022-01-30
5,1018.31,2022-11-24
9,587.52,2023-08-22
13,3665.6,2023-11-25
11,3409.71,2022-11-13
15,2060.09,2022-08-13
11,621.4,2023-07-29
10,4170.55,2023-09-19
5,3153.97,2022-01-14
11,-347.13,2023-11-04
1,156.94,2023-12-01
15,1529.58,2023-06-09
13,989.04,2022-12-07
7,3837.75,2023-05-11
5,3508.93,2022-03-13
10,1908.27,2023-04-27
2,4913.58,2022-06-25
4,3308.06,2023-02-24
12,,2023-10-09
15,1846.87,2022-04-29
1,4138.93,2022-08-17
3,2064.23,2022-10-30
2,1851.45,2023-04-10
6,4758.38,2022-11-15
7,2020.51,2023-10-08
8,4544.1,2022-03-18
11,2936.35,2023-03-17
8,,2022-01-28
15,4216.36,2022-03-10
15,4194.31,2023-07-08
3,,2022-02-18
3,3387.96,2022-11-14
5,3611.72,2022-07-06
12,1776.6,2023-08-26
8,4370.01,2023-12-20
12,3908.28,2023-06-23
9,979.97,2023-06-07
1,4738.16,2022-02-09
1,4600.91,2022-08-07
9,2536.93,2022-01-30
3,3918.56,2023-02-07
9,,2022-01-09
4,4944.02,2023-01-15
4,60.37,2022-04-19
3,1855.7,2022-10-14
4,1506.07,2023-02-26
10,3479.4,2023-06-27
9,3133.62,2023-02-11
4,4749.34,2023-02-06
12,4692.97,2023-08-22
4,-305.12,2022-09-09
7,1944.32,2022-11-04
6,2958.17,2022-04-10
4,3698.36,2022-05-01
12,2451.57,2022-01-04
3,1909.59,2022-06-26
7,484.08,2022-01-13
13,3013.35,2022-03-15
5,3246.54,2022-04-13
14,4460.01,2022-10-20
10,925.7,2022-03-10
7,194.49,2023-05-15
6,4597.37,2022-06-03
7,2563.38,2023-09-03
1,849.58,2023-09-16
5,4858.38,2023-08-01
3,1953.54,2022-04-07
11,2189.21,2022-07-06
14,3411.63,2022-09-08
6,3256.24,2022-03-07
1,3515.97,2023-11-06
11,1840.49,2023-07-28
13,3627.4,2022-12-30
6,3097.75,2022-01-19
9,2117.0,2022-03-19
2,2054.79,2022-11-28
5,1417.98,2023-05-27
4,4162.13,2023-11-16
13,2503.83,2022-05-13
1,3605.3,2023-03-24
11,3484.0,2023-03-09
1,3779.33,2022-11-15
13,457.28,2023-12-12
5,4362.71,2023-04-25
5,754.05,2023-07-03
4,2186.88,2022-11-27
10,3215.93,2023-06-16
9,1571.64,2023-09-10
13,352.32,2023-02-28
12,1219.24,2022-05-27
4,2873.67,2022-09-27
6,1017.9,2022-06-06
3,514.65,2022-08-23
7,3555.63,2022-06-24
15,1634.1,2022-10-11
7,3836.41,2022-10-31
12,2095.11,2023-04-14
11,4540.64,2023-11-21
13,126.31,2023-01-12
14,,2022-03-03
5,1940.14,2023-11-12
10,4572.57,2023-05-17
1,2611.38,2022-10-09
7,3045.17,2022-12-16
14,617.98,2022-11-16
6,2993.76,2022-01-24
10,1438.87,2023-01-10
6,1773.49,2022-12-05
8,2632.43,2023-04-04
6,2983.1,2022-04-08
10,3062.64,2023-04-04
10,4746.14,2023-11-22
8,4115.85,2022-05-11
7,4647.03,2022-04-17
3,574.23,2022-09-16
9,1565.57,2022-09-08
5,2596.49,2022-04-28
1,2171.04,2023-08-03
6,4838.42,2023-06-12
5,3482.56,2023-10-20
7,1683.98,2023-10-02
2,2827.87,2023-08-17
4,1987.97,2023-07-09
11,2470.95,2023-03-31
1,-476.48,2023-12-19
15,822.99,2023-09-01
4,1229.69,2022-10-18
13,4374.48,2023-10-05
1,4170.16,2022-01-19
8,1723.64,2022-01-19
5,1900.9,2022-04-29
6,3683.77,2023-02-06
8,4962.73,2022-05-08
2,884.0,2022-02-15
9,2894.46,2023-02-21
12,3075.81,2022-07-13
10,311.78,2023-10-21
7,,2023-05-18
11,3391.05,2022-08-29
2,3717.71,2022-10-30
14,4498.37,2023-07-13
12,1999.73,2023-10-25
8,4801.39,2023-01-09
4,1247.19,2022-02-14
7,2931.5,2022-04-06
14,1022.15,2022-06-22
11,4447.99,2022-10-24
10,,2023-02-17
13,3450.78,2023-09-20
12,-178.19,2022-03-28
3,1418.88,2022-04-13
11,4310.95,2023-05-29
11,2509.09,2023-08-05
14,1418.65,2022-05-17
1,1876.98,2023-12-12
15,2484.25,2023-07-02
8,,2022-02-10
9,4412.11,2023-08-14
2,3557.19,2023-01-12
11,1313.47,2022-01-24
13,1584.03,2022-02-22
8,2608.49,2022-10-16
9,405.13,2023-03-13
14,4261.59,2023-04-20
10,316.35,2022-09-07
4,1159.61,2023-03-09
12,2705.57,2022-11-01
4,4185.74,2023-05-08
15,4252.53,2022-06-02
8,3834.19,2023-07-04
8,2943.19,2023-06-16
15,3776.37,2022-05-16
12,3608.98,2022-10-29
14,4405.05,2023-01-24
10,4247.77,2022-03-06
8,4459.91,2022-05-14
8,2185.15,2022-01-08
3,291.32,2023-11-10
1,4604.62,2023-11-14
1,2264.36,2023-07-09
6,962.68,2023-10-16
13,4565.91,2023-04-25
11,423.69,2023-12-25
11,3334.51,2022-04-29
11,2476.91,2023-08-26
8,461.75,2022-01-09
9,3537.99,2023-11-14
5,-87.57,2023-05-02
6,-204.81,2023-05-16
9,4828.52,2023-12-12
9,1559.22,2022-05-07
12,1983.65,2022-08-10
4,-497.52,2022-09-24
3,4263.8,2022-04-01
1,895.72,2023-10-19
3,2768.66,2023-07-03
9,-470.34,2023-05-24
3,4975.54,2022-03-13
4,2100.07,2022-02-26
10,3681.14,2022-12-02
12,3863.64,2023-04-26
6,2782.09,2023-12-17
8,4506.27,2023-10-26
1,2765.84,2022-08-22
8,3106.39,2022-04-15
5,1423.75,2022-12-30
8,1096.41,2023-03-01
6,3403.02,2022-10-01
12,178.91,2022-07-09
8,98.63,2022-03-16
1,2750.37,2022-07-25
15,3416.39,2022-10-19
10,-379.49,2022-12-17
8,2805.63,2023-02-14
10,3370.27,2023-04-04
10,954.05,2023-05-30
4,-188.72,2022-03-26
2,1790.52,2023-08-04
13,743.27,2023-02-18
11,3095.8,2023-09-24
13,3919.47,2023-03-29
14,3025.46,2023-09-15
15,1398.84,2023-01-22
6,2366.05,2023-09-12
10,,2023-11-15
10,3041.13,2022-07-04
5,3680.88,2023-05-19
8,-345.55,2022-07-03
12,1321.66,2022-08-29
1,4890.93,2023-02-07
9,2547.05,2023-11-30
10,2692.79,2022-03-18
2,2059.21,2022-01-08
13,2684.9,2023-05-28
12,2888.77,2023-03-02
1,,2023-06-28
12,2662.08,2022-09-02
9,3491.68,2022-04-06
6,515.27,2023-09-09
9,3252.97,2023-05-24
15,3156.1,2022-07-29
4,724.33,2022-04-11
5,2510.36,2022-03-05
12,1840.94,2022-02-02
5,3714.36,2022-12-02
1,2682.44,2023-02-06
14,4861.89,2023-11-08
11,2910.69,2022-08-22
7,3783.19,2023-07-16
10,311.34,2022-04-14
8,182.42,2023-08-14
5,2351.1,2023-10-26
2,3148.11,2022-01-09
2,2844.42,2022-09-01
5,4815.96,2023-04-05
15,4934.91,2022-02-27
11,4741.78,2022-12-26
2,4887.98,2022-08-05
11,4525.83,2022-10-03
5,4219.16,2022-06-27
4,2905.6,2023-09-29
12,411.01,2022-02-03
7,4479.31,2022-03-04
15,1943.1,2022-01-05
9,4819.61,2023-06-29
7,831.56,2023-04-24
4,2562.45,2022-11-07
9,343.92,2023-02-04
11,3505.07,2023-09-15
2,,2023-03-03
15,4452.29,2022-01-16
7,1922.38,2022-12-06
4,548.92,2023-06-21
7,692.76,2022-01-30
9,457.06,2023-10-03
6,2072.21,2022-03-20
4,2735.86,2023-11-27
6,4632.18,2023-03-14
8,1320.99,2023-09-16
13,-402.61,2023-01-13
13,2180.48,2022-04-19
11,637.56,2022-09-27
4,2271.29,2022-09-13
1,4456.27,2022-09-03
1,3192.72,2022-06-30
11,4255.64,2023-01-10
7,3639.62,2023-11-18
15,415.11,2023-02-04
8,2177.9,2022-12-27
11,259.72,2022-04-17
11,550.69,2023-11-03
9,2312.86,2023-10-09
3,,2022-08-17
12,757.68,2022-11-23
3,4825.01,2023-12-08
7,-74.26,2022-11-10
3,,2023-12-27
10,1672.21,2022-10-09
14,1926.54,2023-06-06
10,187.5,2022-07-15
8,1568.19,2023-11-29
9,3119.39,2022-12-05
12,1050.35,2022-08-23
12,3344.42,2022-08-31
8,,2022-12-01
3,656.46,2023-01-02
8,-480.66,2022-05-06
14,1081.57,2022-02-05
5,3599.91,2023-08-14
13,1336.66,2022-04-20
2,4007.19,2023-08-03
8,3647.68,2023-03-18
3,3552.07,2023-05-26
8,1906.66,2023-03-24
14,169.98,2023-02-05
9,4853.61,2023-11-11
3,3253.12,2022-08-05
4,765.77,2023-04-13
1,1344.14,2023-11-08
1,2863.88,2023-11-02
13,1643.79,2022-06-30
15,3011.95,2023-09-10
6,954.58,2023-12-07
13,53.93,2023-06-29
4,679.27,2022-07-26
4,2931.6,2023-07-18
10,-288.86,2022-06-06
15,281.35,2023-02-10
13,2694.85,2023-03-14
11,-441.42,2022-05-29
6,,2022-04-20
1,1081.75,2022-12-31
4,2280.71,2023-11-01
7,4757.92,2023-12-27
4,-145.28,2022-08-17
9,,2023-02-18
3,3631.29,2023-03-25
13,3667.74,2022-07-26
8,3591.48,2023-02-20
1,2284.43,2023-09-10
14,4395.69,2023-02-15
6,1232.11,2023-04-12
15,4370.24,2023-09-14
9,1920.79,2023-08-21
3,4715.9,2023-05-24
10,970.01,2022-09-17
5,-301.12,2022-07-02
15,727.42,2022-02-28
3,546.68,2022-10-10
5,4911.68,2022-05-22
8,135.45,2022-08-11
6,3032.95,2023-01-05
4,1248.72,2023-04-23
4,1059.2,2023-06-09
7,2193.31,2023-05-01
4,4314.59,2023-08-03
4,3876.94,2022-05-09
14,2963.56,2022-11-26
9,162.62,2022-01-28
5,2427.22,2022-01-05
8,1991.44,2023-11-30
15,3470.6,2022-06-11
4,3464.29,2023-04-30
15,2309.99,2023-10-01
10,3238.49,2023-04-10
13,3213.63,2023-04-13
12,1031.14,2023-03-18
5,-270.87,2022-03-25
4,2014.69,2022-07-31
15,4429.02,2022-09-06
5,2423.22,2023-01-02
3,270.2,2023-01-16
5,4682.76,2023-10-08
5,-464.93,2023-06-07
5,2062.3,2022-11-12
14,1725.67,2023-11-17
13,,2022-09-07
9,3858.95,2023-01-28
8,1879.8,2023-06-02
12,2362.2,2022-10-21
2,-65.57,2023-11-18
10,2516.81,2023-03-17
7,3547.87,2023-02-07
13,355.06,2023-01-19
5,1471.44,2023-06-18
1,4201.35,2022-09-06
14,-356.28,2023-03-20
9,594.81,2022-01-19
13,1753.59,2022-04-02
8,3408.35,2022-05-20
4,3754.57,2022-10-21
9,4193.34,2023-05-10
9,3412.88,2023-07-21
3,1984.43,2023-01-06
4,2514.44,2022-08-04
1,3428.96,2022-02-09
10,1553.12,2023-02-03
2,4049.98,2022-09-21
8,617.32,2023-11-30
3,2344.29,2022-11-07
11,321.05,2022-05-18
9,2205.85,2022-08-07
10,-358.58,2022-08-11
10,2497.53,2023-07-15
4,3484.09,2023-09-07
1,3939.18,2022-07-12
2,-477.68,2022-02-24
10,2711.98,2023-08-20
1,2012.56,2022-04-24
12,2500.8,2022-07-30
6,1931.81,2023-11-29
7,3497.72,2022-11-13
1,3482.86,2023-05-18
12,2786.26,2022-04-26
4,867.04,2022-12-26
5,3932.79,2023-10-09
3,1767.14,2023-05-16
12,3220.28,2023-12-12
11,3613.66,2022-09-21
13,3546.67,2023-04-19
5,2558.72,2022-01-21
2,1806.24,2022-08-04
12,4386.44,2022-07-22
14,3437.46,2023-11-30
6,,2023-10-26
2,4778.68,2023-03-08
7,1286.55,2023-10-12
8,-247.71,2023-01-06
4,805.22,2022-10-06
6,,2023-01-03
5,970.54,2022-09-25
6,2038.35,2023-09-04
13,-416.72,2023-05-16
7,761.77,2022-02-09
1,708.25,2022-06-23
7,1798.62,2022-05-13
3,2982.65,2022-09-19
1,176.57,2022-09-11
13,3453.05,2023-02-20
12,3367.01,2023-08-27
15,3436.88,2022-11-20
12,3104.14,2023-09-15
14,451.12,2023-06-04
11,4284.09,2022-11-18
9,3070.89,2022-05-23
14,3996.41,2023-04-15
2,2758.4,2023-09-04
1,4469.53,2023-06-19
10,2652.6,2022-02-07
2,319.76,2023-08-24
7,2121.15,2022-10-11
10,3191.48,2023-04-23
11,3481.9,2023-06-16
8,2170.26,2023-10-03
15,3034.92,2022-09-05
15,4297.58,2023-09-14
4,1733.42,2023-05-24
14,1855.18,2022-04-28
15,3082.08,2023-03-14
6,2541.49,2022-05-17
1,168.1,2022-09-13
7,850.77,2022-10-18
12,4718.37,2022-12-19
1,2074.27,2023-10-05
5,2507.49,2022-12-29
8,1464.86,2022-08-20
14,2784.18,2023-01-09
4,2098.16,2023-06-05
4,987.7,2023-09-13
14,1942.95,2022-04-29
8,4378.08,2023-04-23
6,1718.11,2023-09-29
14,348.99,2022-04-24
1,3254.9,2023-10-23
7,-276.62,2023-05-22
12,2526.66,2022-06-21
8,4480.64,2023-11-05
11,2224.96,2022-07-07
8,1426.32,2022-12-04
4,4054.26,2022-04-30
1,1084.06,2023-09-29
9,4611.87,2023-07-16
11,,2023-03-18
6,4318.56,2023-05-01
8,2720.77,2022-04-08
1,4246.59,2022-07-22
13,2997.1,2022-07-20
10,4860.09,2023-10-01
6,1680.83,2022-09-11
15,3266.66,2022-11-01
7,2014.53,2023-10-23
6,915.57,2023-10-18
2,1893.43,2022-07-04
9,1112.55,2023-01-21
1,3301.97,2022-11-07
12,1032.16,2022-07-22
15,2099.73,2022-12-27
5,4345.71,2023-01-13
7,3788.84,2022-01-03
1,4354.9,2023-04-07
11,4521.99,2023-10-21
13,2247.32,2023-03-14
15,772.89,2022-08-09
9,2096.1,2022-02-15
6,3420.45,2022-03-31
9,-378.54,2022-12-29
8,4184.61,2022-08-11
5,988.83,2022-10-03
15,3191.62,2023-02-18
13,3113.96,2022-03-14
9,3769.39,2022-03-31
15,1750.81,2023-08-31
1,1413.75,2023-02-15
10,4756.56,2022-05-29
3,791.92,2023-12-12
2,3281.9,2023-10-24
10,2409.13,2023-10-08
3,1741.51,2022-08-02
1,4111.0,2022-12-28
10,2988.43,2022-08-17
13,2479.54,2022-01-06
12,4253.0,2023-06-23
12,1169.75,2023-01-25
3,1704.37,2023-04-10
5,3485.78,2022-03-30
14,250.62,2023-10-11
9,2778.88,2022-06-03
6,4698.45,2023-01-18
2,1008.0,2023-10-10
5,1997.29,2023-10-31
5,1316.67,2022-05-28
14,738.98,2022-07-06
11,1648.94,2022-08-20
13,-265.68,2022-03-22
9,780.01,2023-03-27
11,824.67,2023-09-06
12,1257.08,2023-12-17
4,419.37,2022-04-28
5,2850.34,2022-05-31
6,1987.33,2022-06-12
10,2062.31,2023-10-09
5,1111.42,2022-11-24
4,3781.21,2022-06-09
4,75.38,2022-09-19
14,965.42,2022-07-05
6,1695.38,2022-12-12
6,3699.26,2023-02-07
13,,2023-12-06
2,927.49,2023-05-30
11,1861.8,2023-09-06
10,3722.65,2023-07-05
11,3353.16,2022-05-25
14,2672.46,2023-10-08
9,,2022-10-14
15,341.57,2023-03-11
8,598.41,2022-02-10
2,3116.82,2023-07-26
2,4229.29,2022-07-01
8,3587.92,2023-06-16
7,1062.02,2023-12-21
12,1149.9,2023-04-23
14,1401.77,2023-01-19
1,185.42,2023-03-16
5,,2024-01-01
5,3461.08,2022-07-12
1,2494.16,2023-07-21
10,2529.68,2023-03-29
11,3871.05,2022-06-24
13,641.38,2023-03-14
